<?xml version="1.0" encoding="UTF-8"?>

<mule xmlns:metadata="http://www.mulesoft.org/schema/mule/metadata" xmlns:dw="http://www.mulesoft.org/schema/mule/ee/dw" xmlns:file="http://www.mulesoft.org/schema/mule/file" xmlns:db="http://www.mulesoft.org/schema/mule/db" xmlns:ws="http://www.mulesoft.org/schema/mule/ws" xmlns:json="http://www.mulesoft.org/schema/mule/json" xmlns:mulexml="http://www.mulesoft.org/schema/mule/xml" xmlns:sfdc="http://www.mulesoft.org/schema/mule/sfdc" xmlns:tracking="http://www.mulesoft.org/schema/mule/ee/tracking" xmlns:jms="http://www.mulesoft.org/schema/mule/jms" xmlns:http="http://www.mulesoft.org/schema/mule/http" xmlns="http://www.mulesoft.org/schema/mule/core" xmlns:doc="http://www.mulesoft.org/schema/mule/documentation"
	xmlns:spring="http://www.springframework.org/schema/beans" 
	xmlns:xsi="http://www.w3.org/2001/XMLSchema-instance"
	xsi:schemaLocation="http://www.springframework.org/schema/beans http://www.springframework.org/schema/beans/spring-beans-current.xsd
http://www.mulesoft.org/schema/mule/core http://www.mulesoft.org/schema/mule/core/current/mule.xsd
http://www.mulesoft.org/schema/mule/http http://www.mulesoft.org/schema/mule/http/current/mule-http.xsd
http://www.mulesoft.org/schema/mule/jms http://www.mulesoft.org/schema/mule/jms/current/mule-jms.xsd
http://www.mulesoft.org/schema/mule/ee/tracking http://www.mulesoft.org/schema/mule/ee/tracking/current/mule-tracking-ee.xsd
http://www.mulesoft.org/schema/mule/ws http://www.mulesoft.org/schema/mule/ws/current/mule-ws.xsd
http://www.mulesoft.org/schema/mule/xml http://www.mulesoft.org/schema/mule/xml/current/mule-xml.xsd
http://www.mulesoft.org/schema/mule/db http://www.mulesoft.org/schema/mule/db/current/mule-db.xsd
http://www.mulesoft.org/schema/mule/file http://www.mulesoft.org/schema/mule/file/current/mule-file.xsd
http://www.mulesoft.org/schema/mule/sfdc http://www.mulesoft.org/schema/mule/sfdc/current/mule-sfdc.xsd
http://www.mulesoft.org/schema/mule/json http://www.mulesoft.org/schema/mule/json/current/mule-json.xsd
http://www.mulesoft.org/schema/mule/ee/dw http://www.mulesoft.org/schema/mule/ee/dw/current/dw.xsd">
    <http:listener-config name="HTTP_Listener_Configuration" host="0.0.0.0" port="8081" doc:name="HTTP Listener Configuration"/>
    <http:request-config name="United_REST_Request_Configuration" host="ilt.mulesoft-training.com" port="80" basePath="/essentials/united/flights" doc:name="HTTP Request Configuration"/>
    <http:request-config name="Bank_REST_Request_Configuration" host="training.cloudhub.io" port="80" basePath="/build/banking/rest" doc:name="HTTP Request Configuration">
        <http:raml-api-configuration location="https://anypoint.mulesoft.com/apiplatform/repository/public/organizations/1203/apis/9565/versions/9867/files/root"/>
    </http:request-config>
    <ws:consumer-config name="Delta_Web_Service_Consumer" service="TicketServiceService" port="TicketServicePort" serviceAddress="http://training.cloudhub.io/essentials/delta" wsdlLocation="http://ilt.mulesoft-training.com/essentials/delta?wsdl" doc:name="Web Service Consumer"/>
    <db:mysql-config name="Training_MySQL_Configuration" host="iltdb.mulesoft-training.com" port="3306" user="mule" password="mule" database="training" doc:name="MySQL Configuration"/>
    <sfdc:config name="Salesforce__Basic_Authentication" username="max@mulesoft.com" password="mule" securityToken="5xR69vKvhcOmybPy6OvCPnH0" doc:name="Salesforce: Basic Authentication"/>
    
</mule>
